{"Fid":"f_CYbbb4Syahhc5c8-sNU6","Status":3,"AuthToken":"eyJhbGciOiJFUzI1NiIsInR5cCI6IkpXVCJ9.eyJhcHBJZCI6IjE6NDg0Mjg2MDgwMjgyOmFuZHJvaWQ6ZGUwZjNiNzExOWNlODRhMCIsImV4cCI6MTY4NDgyODA1MywiZmlkIjoiZl9DWWJiYjRTeWFoaGM1Yzgtc05VNiIsInByb2plY3ROdW1iZXIiOjQ4NDI4NjA4MDI4Mn0.AB2LPV8wRAIgJazRWRhHFWaI6iAA_J1ZC251o8iYR3JfCuBI9fKYgdoCIESGob_v76-mnuuSHtNt1A21dWkv0mghFhHNORfKewtJ","RefreshToken":"3_AS3qfwJd9A3t0hjmcvTqaaM2lPu8dWgSxov1NSfcVqXUXDjWZ_yAQZpq0Zrj_7eKu1lNMgtpAyu0IsbKfpWv854q7J14nc_71RffHqY5cnr49UM","TokenCreationEpochInSecs":1684223253,"ExpiresInSecs":604800}